tconst,parentTconst,seasonNumber,episodeNumber
tt0165927,tt0206501,26,1
tt0232199,tt0206501,27,2
tt0381710,tt0206501,29,7
tt0415440,tt0206501,30,15
tt0488817,tt0206501,33,1
tt0582933,tt0098800,4,13
tt0582934,tt0098800,1,23
tt0582935,tt0098800,5,16
tt0582936,tt0098800,3,11
tt0582937,tt0098800,3,9
tt0582938,tt0098800,3,22
tt0582939,tt0098800,4,3
tt0582940,tt0098800,5,20
tt0582941,tt0098800,3,10
tt0582942,tt0098800,1,2
tt0582943,tt0098800,1,22
tt0582944,tt0098800,2,23
tt0582945,tt0098800,4,8
tt0582946,tt0098800,6,4
tt0582947,tt0098800,6,12
tt0582948,tt0098800,3,8
tt0582949,tt0098800,6,14
tt0582950,tt0098800,6,15
tt0582951,tt0098800,5,15
tt0582952,tt0098800,3,16
tt0582953,tt0098800,6,1
tt0582954,tt0098800,2,9
tt0582955,tt0098800,2,13
tt0582956,tt0098800,1,3
tt0582957,tt0098800,5,23
tt0582958,tt0098800,2,17
tt0582959,tt0098800,1,11
tt0582960,tt0098800,1,14
tt0582961,tt0098800,1,15
tt0582962,tt0098800,1,7
tt0582963,tt0098800,2,1
tt0582964,tt0098800,6,22
tt0582965,tt0098800,2,19
tt0582966,tt0098800,5,7
tt0582967,tt0098800,4,4
tt0582968,tt0098800,4,25
tt0582969,tt0098800,5,25
tt0582970,tt0098800,4,9
tt0582971,tt0098800,5,5
tt0582972,tt0098800,2,16
tt0582973,tt0098800,6,2
tt0582974,tt0098800,2,5
tt0582975,tt0098800,5,4
tt0582976,tt0098800,2,6
tt0582977,tt0098800,6,18
tt0582978,tt0098800,3,7
tt0582979,tt0098800,4,7
tt0582980,tt0098800,2,10
tt0582981,tt0098800,3,4
tt0582982,tt0098800,2,14
tt0582983,tt0098800,4,10
tt0582984,tt0098800,1,5
tt0582985,tt0098800,3,1
tt0582986,tt0098800,4,16
tt0582987,tt0098800,6,16
tt0582988,tt0098800,6,13
tt0582989,tt0098800,6,23
tt0582990,tt0098800,6,24
tt0582991,tt0098800,6,11
tt0582992,tt0098800,6,21
tt0582993,tt0098800,6,20
tt0582994,tt0098800,6,19
tt0582995,tt0098800,2,18
tt0582996,tt0098800,1,19
tt0582997,tt0098800,4,5
tt0582998,tt0098800,5,14
tt0582999,tt0098800,1,24
tt0583000,tt0098800,3,19
tt0583001,tt0098800,1,10
tt0583002,tt0098800,1,13
tt0583003,tt0098800,5,9
tt0583004,tt0098800,1,21
tt0583005,tt0098800,5,24
tt0583006,tt0098800,4,22
tt0583007,tt0098800,3,5
tt0583008,tt0098800,1,6
tt0583009,tt0098800,3,13
tt0583010,tt0098800,4,23
tt0583011,tt0098800,2,15
tt0583012,tt0098800,1,20
tt0583013,tt0098800,6,7
tt0583014,tt0098800,1,4
tt0583015,tt0098800,6,6
tt0583016,tt0098800,3,6
tt0583017,tt0098800,2,4
tt0583018,tt0098800,4,24
tt0583019,tt0098800,5,3
tt0583020,tt0098800,3,15
tt0583021,tt0098800,5,12
tt0583022,tt0098800,5,21
tt0583023,tt0098800,2,8
tt0583024,tt0098800,3,24
tt0583025,tt0098800,4,14
tt0583026,tt0098800,5,19
tt0583027,tt0098800,1,8
tt0583028,tt0098800,1,9
tt0583029,tt0098800,2,12
tt0583030,tt0098800,5,8
tt0583031,tt0098800,4,18
tt0583032,tt0098800,6,3
tt0583033,tt0098800,2,24
tt0583034,tt0098800,4,11
tt0583035,tt0098800,1,12
tt0583036,tt0098800,3,3
tt0583037,tt0098800,3,18
tt0583038,tt0098800,2,22
tt0583039,tt0098800,3,20
tt0583040,tt0098800,3,17
tt0583041,tt0098800,2,7
tt0583042,tt0098800,2,11
tt0583043,tt0098800,6,17
tt0583044,tt0098800,5,1
tt0583045,tt0098800,3,12
tt0583046,tt0098800,1,17
tt0583047,tt0098800,1,1
tt0583048,tt0098800,4,21
tt0583049,tt0098800,1,16
tt0583050,tt0098800,2,2
tt0583051,tt0098800,4,20
tt0583052,tt0098800,4,26
tt0583053,tt0098800,6,5
tt0583054,tt0098800,3,23
tt0583055,tt0098800,5,18
tt0583056,tt0098800,6,9
tt0583057,tt0098800,6,10
tt0583058,tt0098800,2,20
tt0583059,tt0098800,5,13
tt0583060,tt0098800,5,22
tt0583061,tt0098800,6,8
tt0583062,tt0098800,2,21
tt0583063,tt0098800,5,2
tt0583064,tt0098800,4,17
tt0583065,tt0098800,4,1
tt0583066,tt0098800,4,15
tt0583067,tt0098800,3,2
tt0583068,tt0098800,2,3
tt0583069,tt0098800,4,6
tt0583070,tt0098800,5,17
tt0583071,tt0098800,5,11
tt0583072,tt0098800,5,6
tt0583073,tt0098800,5,10
tt0583074,tt0098800,3,14
tt0583075,tt0098800,1,25
tt0583076,tt0098800,3,21
tt0583077,tt0098800,4,19
tt0583078,tt0098800,4,12
tt0583079,tt0098800,1,18
tt0584090,tt0092359,4,15
tt0584091,tt0092359,3,17
tt0584092,tt0092359,7,22
tt0584093,tt0092359,4,17
tt0584094,tt0092359,7,24
tt0584095,tt0092359,2,11
tt0584096,tt0092359,4,6
tt0584097,tt0092359,3,11
tt0584098,tt0092359,8,16
tt0584099,tt0092359,8,22
tt0584100,tt0092359,3,7
tt0584101,tt0092359,7,8
tt0584102,tt0092359,8,11
tt0584103,tt0092359,2,16
tt0584104,tt0092359,5,12
tt0584105,tt0092359,3,2
tt0584106,tt0092359,6,15
tt0584107,tt0092359,7,21
tt0584108,tt0092359,2,6
tt0584109,tt0092359,2,19
tt0584110,tt0092359,8,2
tt0584111,tt0092359,3,3
tt0584112,tt0092359,1,16
tt0584113,tt0092359,3,16
tt0584114,tt0092359,5,25
tt0584115,tt0092359,5,26
tt0584116,tt0092359,8,8
tt0584117,tt0092359,6,1
tt0584118,tt0092359,8,1
tt0584119,tt0092359,4,2
tt0584120,tt0092359,5,16
tt0584121,tt0092359,2,1
tt0584122,tt0092359,1,22
tt0584123,tt0092359,8,12
tt0584124,tt0092359,2,4
tt0584125,tt0092359,1,6
tt0584126,tt0092359,1,17
tt0584127,tt0092359,8,17
tt0584128,tt0092359,6,11
tt0584129,tt0092359,3,8
tt0584130,tt0092359,5,1
tt0584131,tt0092359,3,9
tt0584132,tt0092359,5,13
tt0584133,tt0092359,6,6
tt0584134,tt0092359,2,17
tt0584135,tt0092359,7,5
tt0584136,tt0092359,5,23
tt0584137,tt0092359,2,12
tt0584138,tt0092359,3,23
tt0584139,tt0092359,4,24
tt0584140,tt0092359,5,24
tt0584141,tt0092359,4,5
tt0584142,tt0092359,2,18
tt0584143,tt0092359,5,8
tt0584144,tt0092359,6,20
tt0584145,tt0092359,3,5
tt0584146,tt0092359,4,1
tt0584147,tt0092359,1,14
tt0584148,tt0092359,5,10
tt0584149,tt0092359,4,13
tt0584150,tt0092359,7,7
tt0584151,tt0092359,6,10
tt0584152,tt0092359,8,4
tt0584153,tt0092359,7,14
tt0584154,tt0092359,2,3
tt0584155,tt0092359,1,8
tt0584156,tt0092359,3,12
tt0584157,tt0092359,4,23
tt0584158,tt0092359,7,16
tt0584159,tt0092359,1,10
tt0584160,tt0092359,1,18
tt0584161,tt0092359,3,21
tt0584162,tt0092359,7,18
tt0584163,tt0092359,1,7
tt0584164,tt0092359,8,21
tt0584165,tt0092359,2,14
tt0584166,tt0092359,7,19
tt0584167,tt0092359,6,5
tt0584168,tt0092359,2,21
tt0584169,tt0092359,2,22
tt0584170,tt0092359,3,15
tt0584171,tt0092359,1,21
tt0584172,tt0092359,8,3
tt0584173,tt0092359,5,2
tt0584174,tt0092359,8,23
tt0584175,tt0092359,8,24
tt0584176,tt0092359,7,20
tt0584177,tt0092359,2,10
tt0584178,tt0092359,3,14
tt0584179,tt0092359,3,18
tt0584180,tt0092359,3,4
tt0584181,tt0092359,6,9
tt0584182,tt0092359,3,13
tt0584183,tt0092359,8,7
tt0584184,tt0092359,4,9
tt0584185,tt0092359,2,9
tt0584186,tt0092359,1,2
tt0584187,tt0092359,1,12
tt0584188,tt0092359,1,1
tt0584189,tt0092359,3,24
tt0584190,tt0092359,2,15
tt0584191,tt0092359,5,15
tt0584192,tt0092359,6,22
tt0584193,tt0092359,6,4
tt0584194,tt0092359,4,26
tt0584195,tt0092359,6,21
tt0584196,tt0092359,1,5
tt0584197,tt0092359,4,11
tt0584198,tt0092359,4,8
tt0584199,tt0092359,6,17
tt0584200,tt0092359,1,13
tt0584201,tt0092359,7,6
tt0584202,tt0092359,3,6
tt0584203,tt0092359,4,16
tt0584204,tt0092359,4,22
tt0584205,tt0092359,8,9
tt0584206,tt0092359,6,19
tt0584207,tt0092359,8,14
tt0584208,tt0092359,7,12
tt0584209,tt0092359,5,3
tt0584210,tt0092359,8,19
tt0584211,tt0092359,2,2
tt0584212,tt0092359,4,10
tt0584213,tt0092359,7,11
tt0584214,tt0092359,1,11
tt0584215,tt0092359,6,13
tt0584216,tt0092359,7,9
tt0584217,tt0092359,5,19
tt0584218,tt0092359,1,3
tt0584219,tt0092359,4,25
tt0584220,tt0092359,3,10
tt0584221,tt0092359,6,23
tt0584222,tt0092359,6,24
tt0584223,tt0092359,4,3
tt0584224,tt0092359,5,5
tt0584225,tt0092359,7,17
tt0584226,tt0092359,5,6
tt0584227,tt0092359,1,9
tt0584228,tt0092359,7,13
tt0584229,tt0092359,6,8
tt0584230,tt0092359,8,13
tt0584231,tt0092359,7,10
tt0584232,tt0092359,1,4
tt0584233,tt0092359,1,19
tt0584234,tt0092359,1,20
tt0584235,tt0092359,7,15
tt0584236,tt0092359,5,7
tt0584237,tt0092359,4,18
tt0584238,tt0092359,4,19
tt0584239,tt0092359,3,19
tt0584240,tt0092359,3,22
tt0584241,tt0092359,8,5
tt0584242,tt0092359,7,23
tt0584243,tt0092359,5,18
tt0584244,tt0092359,2,8
tt0584245,tt0092359,6,7
tt0584246,tt0092359,1,0
tt0584247,tt0092359,8,10
tt0584248,tt0092359,8,20
tt0584249,tt0092359,4,7
tt0584250,tt0092359,8,18
tt0584251,tt0092359,2,13
tt0584252,tt0092359,5,21
tt0662633,tt0206501,26,16
tt0662634,tt0206501,29,12
tt0662635,tt0206501,4,1
tt0662636,tt0206501,7,20
tt0662637,tt0206501,30,6
tt0662638,tt0206501,31,1
tt0662639,tt0206501,32,17
tt0662640,tt0206501,27,18
tt0662641,tt0206501,28,11
tt0662642,tt0206501,27,11
tt0662643,tt0206501,27,9
tt0662644,tt0206501,31,15
tt0662645,tt0206501,10,2
tt0662646,tt0206501,24,17
tt0662647,tt0206501,32,8
tt0707287,tt0206512,2,15
tt0707288,tt0206512,3,16
tt0707289,tt0206512,2,1
tt0707290,tt0206512,2,3
tt0707291,tt0206512,2,6
tt0707292,tt0206512,2,16
tt0707293,tt0206512,1,1
tt0707294,tt0206512,1,20
tt0707295,tt0206512,2,17
tt0707296,tt0206512,1,3
tt0707297,tt0206512,3,9
tt0707298,tt0206512,3,10
tt0707299,tt0206512,2,11
tt0707300,tt0206512,3,5
tt0707301,tt0206512,3,12
tt0707302,tt0206512,1,6
tt0707303,tt0206512,1,19
tt0707304,tt0206512,3,8
tt0707305,tt0206512,2,8
tt0707306,tt0206512,2,7
tt0707307,tt0206512,1,13
tt0707308,tt0206512,4,1
tt0707309,tt0206512,3,20
tt0707310,tt0206512,3,11
tt0707311,tt0206512,1,18
tt0707312,tt0206512,3,1
tt0707313,tt0206512,3,3
tt0707314,tt0206512,1,16
tt0707315,tt0206512,4,3
tt0707316,tt0206512,2,13
tt0707317,tt0206512,2,2
tt0759020,tt0206512,3,14
tt0760692,tt0092359,3,1
tt0763161,tt0092359,7,1
tt0763509,tt0206501,33,5
tt0766195,tt0206512,2,4
tt0769426,tt0206512,1,17
tt0769427,tt0206512,1,2
tt0769428,tt0206512,1,10
tt0769429,tt0206512,1,7
tt0769430,tt0206512,1,11
tt0769431,tt0206512,1,9
tt0769432,tt0206512,1,4
tt0769433,tt0206512,1,5
tt0769435,tt0206512,1,14
tt0769436,tt0206512,1,8
tt0769437,tt0206512,1,15
tt0769438,tt0206512,1,12
tt0770537,tt0092359,5,20
tt0770625,tt0206501,33,6
tt0774214,tt0092359,8,15
tt0774435,tt0206512,4,6
tt0774811,tt0092359,3,20
tt0775995,tt0092359,4,20
tt0775996,tt0092359,5,14
tt0775997,tt0092359,4,4
tt0775998,tt0092359,5,17
tt0775999,tt0092359,7,2
tt0776000,tt0092359,6,16
tt0776001,tt0092359,4,21
tt0776056,tt0092359,6,12
tt0776059,tt0092359,6,14
tt0776062,tt0092359,4,12
tt0776065,tt0092359,5,9
tt0776066,tt0092359,2,20
tt0776068,tt0092359,2,7
tt0776070,tt0092359,5,4
tt0776071,tt0092359,6,18
tt0776072,tt0092359,6,3
tt0776073,tt0092359,6,2
tt0776074,tt0092359,7,4
tt0776075,tt0092359,5,22
tt0776076,tt0092359,4,14
tt0776077,tt0092359,7,3
tt0776078,tt0092359,8,6
tt0784725,tt0206501,26,11
tt0792733,tt0206512,2,12
tt0805431,tt0206501,32,18
tt0807520,tt0206501,32,13
tt0807521,tt0206501,32,11
tt0807522,tt0206501,32,12
tt0807523,tt0206501,25,14
tt0810723,tt0206512,4,11
tt0812001,tt0206501,29,2
tt0816361,tt0206501,26,14
tt0820685,tt0206501,24,18
tt0822614,tt0206501,20,18
tt0827308,tt0092359,1,15
tt0829059,tt0206512,4,12
tt0830056,tt0206512,2,5
tt0831511,tt0092359,2,5
tt0832772,tt0206512,3,7
tt0832773,tt0206512,3,2
tt0832774,tt0206512,4,7
tt0832775,tt0206512,4,10
tt0832776,tt0206512,2,19
tt0832777,tt0206512,3,17
tt0832778,tt0206512,4,9
tt0832780,tt0206512,3,4
tt0832781,tt0206512,3,13
tt0832782,tt0206512,2,10
tt0832783,tt0206512,4,8
tt0832784,tt0206512,3,18
tt0832785,tt0206512,2,18
tt0832786,tt0206512,2,20
tt0832787,tt0206512,4,5
tt0832788,tt0206512,4,4
tt0832789,tt0206512,2,9
tt0832790,tt0206512,3,15
tt0832791,tt0206512,4,2
tt0832792,tt0206512,3,6
tt0832793,tt0206512,3,19
tt0832794,tt0206512,2,14
tt0833348,tt0092359,5,11
tt0834696,tt0098800,4,2
tt0837733,tt0206512,4,13
tt0844434,tt0206501,31,5
tt0849257,tt0206501,30,16
tt0849258,tt0206501,30,17
tt0853943,tt0206501,30,3
tt0862887,tt0206501,31,18
tt0862888,tt0206501,33,8
tt0862889,tt0206501,33,12
tt0874637,tt0206501,32,6
tt0876379,tt0206512,4,15
tt0882615,tt0206512,4,14
tt0886987,tt0206501,31,9
tt0893234,tt0206512,4,20
tt0907541,tt0206512,4,18
tt0917645,tt0206501,19,9
tt0936956,tt0206501,32,1
tt0937306,tt0206512,4,16
tt0942718,tt0206501,12,17
tt0942719,tt0206501,14,3
tt0954488,tt0206512,4,19
tt0954808,tt0206512,4,17
tt0957980,tt0206501,20,17
tt0958712,tt0206501,28,10
tt0958713,tt0206501,30,2
tt0959166,tt0206501,31,16
tt0959167,tt0206501,33,16
tt0959880,tt0206501,34,2
tt0960517,tt0206501,33,15
tt0961812,tt0206501,28,9
tt0961813,tt0206501,24,19
tt0966338,tt0206501,25,4
tt0968580,tt0206501,16,6
tt0968581,tt0206501,22,14
tt0968582,tt0206501,15,5
tt0968583,tt0206501,15,6
tt0968584,tt0206501,12,12
tt0968585,tt0206501,13,11
tt0968586,tt0206501,16,18
tt0969029,tt0206501,33,11
tt0969030,tt0206501,33,13
tt0969031,tt0206501,33,9
tt0969032,tt0206501,34,3
tt0971106,tt0206512,5,3
tt0971886,tt0206501,33,3
tt0971887,tt0206501,32,2
tt0971888,tt0206501,33,4
tt0973512,tt0206501,33,20
tt0973513,tt0206501,33,10
tt0973514,tt0206501,33,17
tt0976073,tt0206501,23,6
tt0976074,tt0206501,34,6
tt0976860,tt0206501,32,7
tt0976861,tt0206501,32,16
tt0976862,tt0206501,20,12
tt0976863,tt0206501,32,3
tt0976864,tt0206501,20,3
tt0976865,tt0206501,16,11
tt0976866,tt0206501,32,5
tt0976867,tt0206501,29,8
tt0979078,tt0206501,32,15
tt0982372,tt0206501,31,10
tt0982373,tt0206501,31,4
tt0982374,tt0206501,31,3
tt0983613,tt0206501,31,17
tt0983614,tt0206501,27,17
tt0984612,tt0206501,31,7
tt0985431,tt0206501,31,13
tt0985432,tt0206501,31,2
tt0986075,tt0206501,30,4
tt0987405,tt0206501,30,8
tt0988423,tt0206501,30,7
tt0989327,tt0206501,30,10
tt0990173,tt0206501,30,5
tt0990854,tt0206501,29,14
tt0990855,tt0206501,30,1
tt0992360,tt0206501,34,5
tt0992361,tt0206501,30,9
tt0993392,tt0206501,29,9
tt0996150,tt0206501,34,4
tt0998798,tt0206501,29,11
tt0998799,tt0206501,30,12
tt0998800,tt0206501,29,10
tt0998801,tt0206501,29,13
tt0999276,tt0206512,5,1
tt10050328,tt4508902,2,2
tt10050330,tt4508902,2,3
tt10050332,tt4508902,2,4
tt10050334,tt4508902,2,5
tt10050336,tt4508902,2,6
tt10050338,tt4508902,2,7
tt10050340,tt4508902,2,8
tt10050342,tt4508902,2,9
tt10050346,tt4508902,2,10
tt10050348,tt4508902,2,11
tt10050352,tt4508902,2,12
tt1005520,tt0206501,19,19
tt1007650,tt0206501,27,8
tt10084352,tt0206512,12,18
tt10084362,tt0206512,12,19
tt10084370,tt0206512,12,20
tt10084372,tt0206512,12,22
tt10084374,tt0206512,12,23
tt10084376,tt0206512,12,21
tt10084382,tt0206512,12,24
tt10084386,tt0206512,12,25
tt10084388,tt0206512,12,26
tt10089484,tt0206512,12,17
tt1023725,tt0206501,34,7
tt1028385,tt0206501,27,6
tt1033282,tt0206501,20,6
tt1033384,tt0206512,5,2
tt1035030,tt0206501,31,6
tt10355224,tt0206501,46,9
tt10392194,tt0206501,46,10
tt10470796,tt7808344,2,1
tt10470798,tt7808344,2,2
tt10470802,tt7808344,2,3
tt10470806,tt7808344,2,4
tt10470808,tt7808344,2,5
tt10470812,tt7808344,2,6
tt10470814,tt7808344,2,7
tt10470820,tt7808344,2,8
tt10470822,tt7808344,2,9
tt10470826,tt7808344,2,10
tt10470830,tt7808344,2,11
tt10470832,tt7808344,2,12
tt1053153,tt1051155,1,2
tt1053154,tt1051155,1,1
tt1053155,tt1051155,1,3
tt1055225,tt1051155,1,4
tt1059163,tt1051155,1,5
tt10598852,tt1051155,2,19
tt1066050,tt0206501,34,10
tt10691858,tt0206501,46,12
tt10691868,tt0206501,46,13
tt10691898,tt0206501,46,11
tt10691904,tt0206501,46,101
tt1070254,tt1051155,1,6
tt1073072,tt1051155,1,7
tt1075274,tt0206512,5,4
tt1075621,tt0206512,5,9
tt1076031,tt0206501,13,12
tt1076088,tt0206512,5,5
tt1076699,tt0206512,5,7
tt1076740,tt1051155,1,8
tt1078256,tt0206512,5,6
tt1081799,tt0206512,5,10
tt1081800,tt0206512,5,14
tt1081801,tt0206512,5,8
tt1081802,tt0206512,5,13
tt1082788,tt1051155,1,10
tt1084936,tt1051155,1,9
tt1088526,tt0206501,27,4
tt1090619,tt1051155,1,12
tt1090620,tt1051155,1,11
tt1093693,tt0206501,28,5
tt1093694,tt0206501,21,15
tt10943860,tt0206501,46,14
tt1099171,tt1051155,1,13
tt1099790,tt1051155,1,14
tt1119104,tt1051155,2,1
tt1119105,tt1051155,2,10
tt1119106,tt1051155,2,11
tt1119107,tt1051155,2,12
tt1119108,tt1051155,2,13
tt1119109,tt1051155,2,2
tt1119110,tt1051155,2,3
tt1119111,tt1051155,2,4
tt1119112,tt1051155,2,5
tt1119113,tt1051155,2,6
tt1119114,tt1051155,2,7
tt1119115,tt1051155,2,8
tt1119116,tt1051155,2,9
tt11219510,tt0206501,46,19
tt11219524,tt0206501,46,17
tt11225266,tt0206501,46,8
tt11225274,tt0206501,46,16
tt11225280,tt0206501,46,21
tt11225292,tt0206501,46,20
tt11225302,tt0206501,46,7
tt11225308,tt0206501,46,6
tt11225320,tt0206501,46,18
tt11230952,tt0206501,46,15
tt11251896,tt0206501,46,22
tt1128959,tt0206501,34,13
tt11323334,tt0206501,46,23
tt1133779,tt0206501,27,15
tt1136469,tt0206501,34,15
tt1138327,tt0206501,34,16
tt1141570,tt0206512,5,12
tt1143530,tt0206501,34,17
tt1169729,tt0206512,5,19
tt1169730,tt0206512,5,20
tt1169731,tt0206512,5,17
tt1169732,tt0206512,5,15
tt1170320,tt0206512,5,11
tt11751884,tt0206501,47,1
tt11759496,tt0206501,47,2
tt11759508,tt0206501,47,3
tt11759516,tt0206501,47,5
tt11759522,tt0206501,47,4
tt11759524,tt0206501,47,6
tt1181746,tt0206501,28,16
tt1189370,tt0206501,29,6
tt1189769,tt0206501,35,4
tt1189770,tt0206501,35,6
tt1189932,tt0206501,35,5
tt11934206,tt0206501,47,7
tt11934210,tt0206501,47,8
tt1203205,tt0206501,25,8
tt1205410,tt0206501,6,15
tt1208574,tt1051155,2,17
tt1208575,tt1051155,2,14
tt1208577,tt1051155,2,15
tt1209079,tt0206501,34,9
tt1209273,tt1051155,2,16
tt1218431,tt0206501,35,7
tt12214632,tt12189310,1,1
tt12228072,tt12189310,1,2
tt12228074,tt12189310,1,3
tt12233448,tt11958648,1,1
tt1226505,tt0206501,35,8
tt12371318,tt11958648,1,2
tt12374946,tt0206512,\N,\N
tt12375344,tt11958648,1,3
tt12375356,tt11958648,1,4
tt12375360,tt11958648,1,5
tt12375364,tt11958648,1,6
tt12375370,tt11958648,1,7
tt12375378,tt11958648,1,8
tt12375382,tt11958648,1,9
tt12375384,tt11958648,1,10
tt1239114,tt0206501,34,14
tt1239116,tt0206501,34,18
tt1239117,tt0206501,34,19
tt1240281,tt0206501,35,1
tt1240282,tt0206501,35,2
tt1240283,tt0206501,35,10
tt1240284,tt0206501,35,3
tt1240743,tt0206501,35,9
tt1246716,tt1051155,2,18
tt1260268,tt0206501,23,9
tt12707442,tt0206501,47,9
tt12707444,tt0206501,47,11
tt12707446,tt0206501,47,12
tt1272820,tt0206512,6,6
tt1272821,tt0206512,6,9
tt1272822,tt0206512,6,7
tt1272824,tt0206512,6,1
tt1272826,tt0206512,6,4
tt1272828,tt0206512,6,2
tt1272829,tt0206512,5,16
tt1272831,tt0206512,6,3
tt1272834,tt0206512,6,8
tt1272835,tt0206512,6,5
tt12736114,tt0206501,47,10
tt1279299,tt0206512,5,18
tt1287217,tt0206501,35,14
tt1292959,tt0206501,25,15
tt12937576,tt12930534,1,1
tt1298337,tt0206501,24,16
tt12986328,tt12930534,1,2
tt12986334,tt12930534,1,3
tt12986336,tt12930534,1,4
tt1301092,tt1279024,1,1
tt1301093,tt1279024,1,2
tt1301094,tt1279024,1,3
tt1301095,tt1279024,1,4
tt1301096,tt1279024,1,5
tt1301097,tt1279024,1,6
tt1301098,tt1279024,1,7
tt1301099,tt1279024,1,8
tt1301100,tt1279024,1,9
tt1303036,tt0206501,35,15
tt1303037,tt0206501,35,11
tt1303038,tt0206501,35,18
tt1303039,tt0206501,35,17
tt1303040,tt0206501,35,13
tt1303041,tt0206501,35,12
tt1303042,tt0206501,35,16
tt13061646,tt0206501,47,13
tt13069540,tt7808344,1,13
tt13107388,tt0206501,47,16
tt13107390,tt0206501,47,14
tt13107392,tt0206501,47,15
tt13142942,tt0206512,\N,\N
tt1315522,tt0206501,14,16
tt1315523,tt0206501,17,15
tt1315524,tt0206501,22,19
tt1317936,tt0206501,28,3
tt13195574,tt0206512,13,2
tt1326691,tt1279024,1,10
tt1326692,tt1279024,1,12
tt1326693,tt1279024,1,11
tt1329071,tt0206512,6,14
tt1329072,tt0206512,6,13
tt1329073,tt0206512,6,12
tt1329074,tt0206512,6,10
tt1331969,tt1051155,3,1
tt1331970,tt1051155,3,3
tt1331971,tt1051155,3,2
tt1331972,tt1051155,3,4
tt1333585,tt1051155,5,3
tt1333586,tt1051155,3,10
tt1333885,tt0206501,36,2
tt1333886,tt0206501,36,3
tt1333887,tt0206501,35,19
tt1333888,tt0206501,36,1
tt1335611,tt0206501,21,3
tt1336562,tt1279024,1,14
tt1336929,tt1279024,1,13
tt13399340,tt0206501,48,1
tt13453820,tt0206512,13,4
tt1356237,tt1279024,1,16
tt1356238,tt1279024,1,15
tt1356506,tt1051155,3,11
tt1358093,tt1051155,3,5
tt1358094,tt1051155,3,9
tt1358095,tt1051155,3,6
tt1358096,tt1051155,3,7
tt1358097,tt1051155,3,8
tt1361263,tt1279024,1,17
tt1361264,tt1279024,1,18
tt1369400,tt1279024,1,19
tt1369401,tt1279024,1,20
tt1374675,tt0206512,6,17
tt1379144,tt0206512,6,15
tt1380708,tt1051155,3,12
tt1381490,tt1279024,1,21
tt13847350,tt0206501,48,2
tt13847398,tt0206501,48,3
tt13847446,tt0206501,48,4
tt13886664,tt0206501,48,5
tt13897314,tt0206512,\N,\N
tt1390351,tt1279024,1,22
tt1390352,tt1279024,1,24
tt1390353,tt1279024,1,23
tt1390354,tt1279024,1,25
tt1392921,tt0206501,25,18
tt1393564,tt0206501,36,6
tt1393565,tt0206501,36,7
tt1393566,tt0206501,36,4
tt1393567,tt0206501,33,18
tt1393568,tt0206501,36,5
tt1393570,tt0206501,30,13
tt1393572,tt0206501,30,11
tt1393643,tt0206512,6,18
tt1393644,tt0206512,6,21
tt1393645,tt0206512,6,20
tt1394037,tt0206501,31,14
tt1394038,tt0206501,31,11
tt1394039,tt0206501,31,12
tt1398256,tt0206501,26,9
tt1398257,tt0206501,24,13
tt1398258,tt0206501,25,12
tt1398259,tt0206501,24,11
tt1398260,tt0206501,25,9
tt1398261,tt0206501,26,6
tt1398262,tt0206501,26,4
tt1398263,tt0206501,26,5
tt1398264,tt0206501,26,7
tt1398265,tt0206501,25,6
tt1398266,tt0206501,24,12
tt1398267,tt0206501,25,17
tt1398268,tt0206501,25,19
tt1398269,tt0206501,25,20
tt1398270,tt0206501,25,11
tt1398271,tt0206501,25,2
tt1398272,tt0206501,25,1
tt1398273,tt0206501,25,7
tt1398275,tt0206501,26,2
tt1398276,tt0206501,25,3
tt1398277,tt0206501,26,3
tt1398278,tt0206501,25,13
tt1398279,tt0206501,25,5
tt1398280,tt0206501,25,21
tt1398281,tt0206501,24,14
tt1398282,tt0206501,25,10
tt1398283,tt0206501,26,10
tt1398284,tt0206501,24,15
tt1405999,tt0206501,23,1
tt1406000,tt0206501,28,12
tt1406001,tt0206501,26,17
tt1406003,tt0206501,23,3
tt1406004,tt0206501,23,10
tt1406005,tt0206501,22,22
tt1406007,tt0206501,23,20
tt1406008,tt0206501,24,8
tt1406009,tt0206501,24,9
tt1406010,tt0206501,29,1
tt1406011,tt0206501,23,8
tt1406012,tt0206501,27,20
tt1406013,tt0206501,23,11
tt1406014,tt0206501,26,18
tt1406015,tt0206501,26,12
tt1406017,tt0206501,29,3
tt1406018,tt0206501,23,7
tt1406019,tt0206501,28,19
tt1406020,tt0206501,27,19
tt1406021,tt0206501,22,16
tt1406022,tt0206501,27,16
tt1406023,tt0206501,24,7
tt1406024,tt0206501,26,15
tt1406025,tt0206501,27,21
tt1406026,tt0206501,24,1
tt1406027,tt0206501,24,10
tt1406029,tt0206501,28,17
tt1406030,tt0206501,22,18
tt1406031,tt0206501,23,12
tt1406032,tt0206501,28,4
tt1406033,tt0206501,27,10
tt1406034,tt0206501,28,18
tt1406035,tt0206501,23,19
tt1406036,tt0206501,23,17
tt1406037,tt0206501,23,18
tt1406038,tt0206501,23,4
tt1406039,tt0206501,22,21
tt1406040,tt0206501,28,15
tt1406041,tt0206501,24,6
tt1406042,tt0206501,27,7
tt1406043,tt0206501,24,4
tt1406044,tt0206501,27,3
tt1406045,tt0206501,24,5
tt1406046,tt0206501,27,5
tt1406047,tt0206501,24,3
tt1406048,tt0206501,23,14
tt1406049,tt0206501,28,13
tt1406050,tt0206501,29,4
tt1406051,tt0206501,28,14
tt1406052,tt0206501,23,16
tt1406053,tt0206501,27,13
tt1406054,tt0206501,28,1
tt1406055,tt0206501,28,8
tt1406056,tt0206501,28,7
tt1406057,tt0206501,28,6
tt1406058,tt0206501,27,1
tt1406060,tt0206501,23,2
tt1406061,tt0206501,22,17
tt1406062,tt0206501,29,5
tt1406063,tt0206501,29,15
tt1406064,tt0206501,27,14
tt1406065,tt0206501,23,13
tt1406066,tt0206501,26,13
tt1406067,tt0206501,24,2
tt1406068,tt0206501,23,15
tt1406069,tt0206501,22,20
tt1406070,tt0206501,28,2
tt1406071,tt0206501,22,15
tt1406073,tt0206501,23,5
tt1406074,tt0206501,27,12
tt1410797,tt0206501,21,10
tt1410798,tt0206501,21,5
tt1410799,tt0206501,21,9
tt1410800,tt0206501,21,1
tt1410801,tt0206501,21,2
tt1410802,tt0206501,20,13
tt1410804,tt0206501,21,6
tt1410805,tt0206501,21,7
tt1410806,tt0206501,21,8
tt1410807,tt0206501,21,4
tt1410808,tt0206501,36,8
tt1410809,tt0206501,20,16
tt1410811,tt0206501,20,14
tt1410812,tt0206501,20,20
tt1410813,tt0206501,20,19
tt1410814,tt0206501,20,10
tt1410815,tt0206501,20,15
tt1410816,tt0206501,20,11
tt1411029,tt0206512,6,11
tt14207434,tt0206501,48,6
tt14207436,tt0206501,48,7
tt14207438,tt0206501,48,8
tt14207440,tt0206501,48,9
tt14207446,tt0206501,48,10
tt14207448,tt0206501,49,1
tt14207450,tt0206501,48,11
tt1420882,tt0206512,6,25
tt1426806,tt0206501,3,5
tt1426807,tt0206501,3,6
tt1426808,tt0206501,1,9
tt1426809,tt0206501,3,15
tt1426810,tt0206501,1,8
tt1426811,tt0206501,1,7
tt1426812,tt0206501,3,17
tt1426813,tt0206501,1,12
tt1426814,tt0206501,1,15
tt1426815,tt0206501,3,14
tt1426816,tt0206501,1,18
tt1426817,tt0206501,3,18
tt1426818,tt0206501,3,2
tt1426819,tt0206501,1,5
tt1426820,tt0206501,3,3
tt1426821,tt0206501,3,7
tt1426822,tt0206501,3,1
tt1426823,tt0206501,1,20
tt1426824,tt0206501,1,6
tt1426825,tt0206501,2,11
tt1426826,tt0206501,3,20
tt1426827,tt0206501,1,11
tt1426828,tt0206501,1,10
tt1426829,tt0206501,3,19
tt1426830,tt0206501,1,16
tt1426831,tt0206501,2,16
tt1426832,tt0206501,2,12
tt1426833,tt0206501,1,1
tt1426834,tt0206501,1,19
tt1426835,tt0206501,1,13
tt1426836,tt0206501,2,15
tt1426837,tt0206501,3,11
tt1426838,tt0206501,3,4
tt1426839,tt0206501,2,14
tt1426840,tt0206501,3,8
tt1426841,tt0206501,3,9
tt1426842,tt0206501,2,10
tt1426843,tt0206501,1,4
tt1426844,tt0206501,1,17
tt1426845,tt0206501,3,12
tt1426846,tt0206501,2,13
tt1426847,tt0206501,3,13
tt1426848,tt0206501,3,10
tt1426849,tt0206501,3,16
tt1426850,tt0206501,2,8
tt1426851,tt0206501,1,3
tt1426852,tt0206501,2,9
tt1426853,tt0206501,1,2
tt1426854,tt0206501,1,14
tt1426855,tt0206501,2,17
tt14306928,tt4508902,2,0
tt1434807,tt0206501,5,19
tt1434808,tt0206501,4,18
tt1434809,tt0206501,5,20
tt1434810,tt0206501,5,5
tt1434811,tt0206501,5,12
tt1434812,tt0206501,5,2
tt1434813,tt0206501,4,7
tt1434814,tt0206501,5,10
tt1434815,tt0206501,5,1
tt1434816,tt0206501,4,6
tt1434817,tt0206501,5,14
tt1434818,tt0206501,4,17
tt1434819,tt0206501,5,18
tt1434820,tt0206501,5,3
tt1434821,tt0206501,5,13
tt1434822,tt0206501,5,11
tt1434823,tt0206501,4,13
tt1434824,tt0206501,5,8
tt1434825,tt0206501,4,12
tt1434826,tt0206501,5,16
tt1434827,tt0206501,5,4
tt1434828,tt0206501,4,9
tt1434829,tt0206501,5,7
tt1434830,tt0206501,4,20
tt1434831,tt0206501,4,2
tt1434832,tt0206501,4,10
tt1434833,tt0206501,5,15
tt1434834,tt0206501,5,9
tt1434835,tt0206501,4,19
tt1434836,tt0206501,4,8
tt1434837,tt0206501,4,5
tt1434838,tt0206501,4,14
tt1434839,tt0206501,4,4
tt1434840,tt0206501,5,17
tt1434841,tt0206501,4,11
tt1434842,tt0206501,4,16
tt1434843,tt0206501,4,15
tt1434844,tt0206501,5,6
tt1434845,tt0206501,4,3
tt1435141,tt0206501,7,2
tt1435142,tt0206501,7,7
tt1435143,tt0206501,6,11
tt1435144,tt0206501,7,18
tt1435145,tt0206501,6,3
tt1435146,tt0206501,8,4
tt1435147,tt0206501,8,9
tt1435148,tt0206501,8,7
tt1435149,tt0206501,6,1
tt1435150,tt0206501,6,19
tt1435151,tt0206501,6,4
tt1435152,tt0206501,7,12
tt1435153,tt0206501,6,9
tt1435154,tt0206501,6,16
tt1435155,tt0206501,6,12
tt1435156,tt0206501,7,3
tt1435157,tt0206501,6,2
tt1435158,tt0206501,8,2
tt1435159,tt0206501,7,17
tt1435160,tt0206501,7,8
tt1435161,tt0206501,6,5
tt1435162,tt0206501,7,4
tt1435163,tt0206501,6,14
tt1435164,tt0206501,8,10
tt1435165,tt0206501,6,13
tt1435166,tt0206501,6,18
tt1435167,tt0206501,8,8
tt1435168,tt0206501,6,8
tt1435169,tt0206501,7,13
tt1435170,tt0206501,6,17
tt1435171,tt0206501,7,10
tt1435172,tt0206501,8,3
tt1435173,tt0206501,8,1
tt1435174,tt0206501,7,1
tt1435175,tt0206501,6,7
tt1435176,tt0206501,6,6
tt1435177,tt0206501,6,10
tt1435178,tt0206501,8,6
tt1435179,tt0206501,7,9
tt1435180,tt0206501,7,19
tt1435181,tt0206501,7,6
tt1435182,tt0206501,8,5
tt1435183,tt0206501,7,11
tt1435184,tt0206501,7,16
tt1435185,tt0206501,7,15
tt1435186,tt0206501,7,5
tt1435187,tt0206501,7,14
tt1437686,tt0206501,9,3
tt1437687,tt0206501,9,10
tt1437688,tt0206501,9,9
tt1437689,tt0206501,8,17
tt1437690,tt0206501,8,19
tt1437691,tt0206501,8,11
tt1437692,tt0206501,8,14
tt1437693,tt0206501,8,16
tt1437694,tt0206501,9,5
tt1437695,tt0206501,9,7
tt1437696,tt0206501,8,15
tt1437697,tt0206501,8,18
tt1437698,tt0206501,9,8
tt1437699,tt0206501,9,1
tt1437700,tt0206501,9,2
tt1437701,tt0206501,8,13
tt1437702,tt0206501,9,4
tt1437703,tt0206501,9,6
tt1437704,tt0206501,8,20
tt1437705,tt0206501,8,12
tt1440573,tt0206501,10,14
tt1440574,tt0206501,10,15
tt1440575,tt0206501,9,14
tt1440576,tt0206501,10,21
tt1440577,tt0206501,11,2
tt1440578,tt0206501,10,5
tt1440579,tt0206501,10,16
tt1440580,tt0206501,11,3
tt1440581,tt0206501,10,6
tt1440582,tt0206501,11,6
tt1440583,tt0206501,10,20
tt1440584,tt0206501,10,7
tt1440585,tt0206501,9,16
tt1440586,tt0206501,10,1
tt1440587,tt0206501,9,13
tt1440588,tt0206501,10,3
tt1440589,tt0206501,11,7
tt1440590,tt0206501,10,18
tt1440591,tt0206501,10,12
tt1440592,tt0206501,10,9
tt1440593,tt0206501,10,8
tt1440594,tt0206501,10,11
tt1440595,tt0206501,10,10
tt1440596,tt0206501,11,1
tt1440597,tt0206501,9,11
tt1440598,tt0206501,10,19
tt1440599,tt0206501,9,15
tt1440600,tt0206501,9,12
tt1440601,tt0206501,10,4
tt1440602,tt0206501,11,8
tt1440603,tt0206501,10,13
tt1440604,tt0206501,9,18
tt1440605,tt0206501,10,17
tt1440606,tt0206501,11,5
tt1440607,tt0206501,9,17
tt1440608,tt0206501,11,4
tt1445346,tt0206501,12,5
tt1445347,tt0206501,11,18
tt1445348,tt0206501,12,7
tt1445349,tt0206501,12,9
tt1445350,tt0206501,12,3
tt1445351,tt0206501,12,1
tt1445352,tt0206501,11,14
tt1445353,tt0206501,11,11
tt1445354,tt0206501,11,15
tt1445355,tt0206501,12,2
tt1445356,tt0206501,12,4
tt1445357,tt0206501,11,17
tt1445358,tt0206501,12,10
tt1445359,tt0206501,11,9
tt1445360,tt0206501,11,16
tt1445361,tt0206501,11,19
tt1445362,tt0206501,11,20
tt1445363,tt0206501,12,8
tt1445364,tt0206501,11,12
tt1445365,tt0206501,11,10
tt1445366,tt0206501,11,13
tt1445367,tt0206501,12,6
tt1447011,tt0206501,14,19
tt1447012,tt0206501,12,19
tt1447013,tt0206501,13,18
tt1447014,tt0206501,15,3
tt1447015,tt0206501,13,15
tt1447016,tt0206501,15,11
tt1447017,tt0206501,12,16
tt1447018,tt0206501,14,7
tt1447019,tt0206501,14,1
tt1447020,tt0206501,14,12
tt1447021,tt0206501,14,5
tt1447022,tt0206501,13,2
tt1447023,tt0206501,14,8
tt1447024,tt0206501,13,1
tt1447025,tt0206501,13,14
tt1447026,tt0206501,13,3
tt1447027,tt0206501,13,21
tt1447028,tt0206501,14,18
tt1447029,tt0206501,15,2
tt1447030,tt0206501,13,16
tt1447031,tt0206501,14,15
tt1447032,tt0206501,13,20
tt1447033,tt0206501,13,4
tt1447034,tt0206501,14,4
tt1447035,tt0206501,15,10
tt1447036,tt0206501,13,8
tt1447037,tt0206501,14,20
tt1447038,tt0206501,14,11
tt1447039,tt0206501,13,19
tt1447040,tt0206501,14,21
tt1447041,tt0206501,13,7
tt1447042,tt0206501,14,13
tt1447043,tt0206501,13,5
tt1447044,tt0206501,14,10
tt1447045,tt0206501,12,18
tt1447046,tt0206501,14,14
tt1447047,tt0206501,14,6
tt1447048,tt0206501,12,15
tt1447049,tt0206501,15,9
tt1447050,tt0206501,13,17
tt1447051,tt0206501,15,7
tt1447052,tt0206501,12,11
tt1447053,tt0206501,12,20
tt1447054,tt0206501,13,13
tt1447055,tt0206501,13,9
tt1447056,tt0206501,12,14
tt1447057,tt0206501,15,1
tt1447058,tt0206501,13,6
tt1447059,tt0206501,14,17
tt1447060,tt0206501,15,8
tt1447061,tt0206501,12,13
tt1447062,tt0206501,13,10
tt1447063,tt0206501,15,4
tt1447064,tt0206501,14,9
tt14482306,tt0206501,48,101
tt1449035,tt0206512,6,19
tt1449036,tt0206512,6,22
tt1449037,tt0206512,6,16
tt14501354,tt0206501,30,14
tt14514044,tt0206512,13,5
tt14514048,tt0206512,13,6
tt1453677,tt0206501,16,4
tt1453678,tt0206501,15,22
tt1453679,tt0206501,17,17
tt1453680,tt0206501,15,17
tt1453681,tt0206501,15,16
tt1453682,tt0206501,18,5
tt1453683,tt0206501,18,2
tt1453684,tt0206501,16,10
tt1453685,tt0206501,16,15
tt1453686,tt0206501,16,13
tt1453687,tt0206501,17,3
tt1453688,tt0206501,15,18
tt1453689,tt0206501,16,14
tt1453690,tt0206501,16,5
tt1453691,tt0206501,16,1
tt1453692,tt0206501,16,16
tt1453693,tt0206501,17,19
tt1453694,tt0206501,17,16
tt1453695,tt0206501,16,8
tt1453696,tt0206501,17,11
tt1453697,tt0206501,15,15
tt1453698,tt0206501,15,13
tt1453699,tt0206501,15,14
tt1453700,tt0206501,15,12
tt1453701,tt0206501,17,1
tt1453702,tt0206501,17,13
tt1453703,tt0206501,17,2
tt1453704,tt0206501,18,1
tt1453705,tt0206501,18,8
tt1453706,tt0206501,18,7
tt1453707,tt0206501,18,9
tt1453708,tt0206501,16,7
tt1453709,tt0206501,18,20
tt1453710,tt0206501,18,6
tt1453711,tt0206501,15,21
tt1453712,tt0206501,17,5
tt1453713,tt0206501,17,14
tt1453714,tt0206501,17,4
tt1453715,tt0206501,18,3
tt1453716,tt0206501,16,12
tt1453717,tt0206501,17,7
tt1453718,tt0206501,17,6
tt1453719,tt0206501,17,8
tt1453720,tt0206501,17,9
tt1453721,tt0206501,18,4
tt1453722,tt0206501,17,10
tt1453723,tt0206501,16,2
tt1453724,tt0206501,15,20
tt1453725,tt0206501,16,21
tt1453726,tt0206501,16,3
tt1453727,tt0206501,16,9
tt1453728,tt0206501,17,12
tt1453729,tt0206501,17,18
tt1453730,tt0206501,17,20
tt1453731,tt0206501,15,19
tt1453732,tt0206501,16,17
tt1453733,tt0206501,16,19
tt1457348,tt0206501,14,2
tt1460396,tt0206501,19,8
tt1460397,tt0206501,19,10
tt1460398,tt0206501,18,16
tt1460399,tt0206501,19,18
tt1460400,tt0206501,21,17
tt1460401,tt0206501,20,2
tt1460402,tt0206501,19,5
tt1460403,tt0206501,20,7
tt1460404,tt0206501,22,13
tt1460405,tt0206501,18,15
tt1460406,tt0206501,21,13
tt1460407,tt0206501,19,1
tt1460408,tt0206501,19,16
tt1460409,tt0206501,21,20
tt1460410,tt0206501,20,5
tt1460411,tt0206501,21,19
tt1460412,tt0206501,21,16
tt1460413,tt0206501,22,3
tt1460414,tt0206501,19,6
tt1460415,tt0206501,22,12
tt1460416,tt0206501,22,1
tt1460417,tt0206501,19,12
tt1460418,tt0206501,20,8
tt1460419,tt0206501,22,6
tt1460420,tt0206501,22,7
tt1460421,tt0206501,22,8
tt1460422,tt0206501,22,9
tt1460423,tt0206501,22,10
tt1460424,tt0206501,22,4
tt1460425,tt0206501,20,4
tt1460426,tt0206501,19,17
tt1460427,tt0206501,19,14
tt1460428,tt0206501,21,18
tt1460429,tt0206501,19,7
tt1460430,tt0206501,19,3
tt1460431,tt0206501,19,13
tt1460432,tt0206501,18,12
tt1460433,tt0206501,19,20
tt1460434,tt0206501,18,10
tt1460435,tt0206501,22,5
tt1460436,tt0206501,18,17
tt1460437,tt0206501,18,11
tt1460438,tt0206501,19,2
tt1460439,tt0206501,18,13
tt1460440,tt0206501,18,14
tt1460441,tt0206501,18,18
tt1460442,tt0206501,19,11
tt1460443,tt0206501,21,11
tt1460444,tt0206501,20,1
tt1460445,tt0206501,20,9
tt1460446,tt0206501,21,12
tt1460447,tt0206501,22,11
tt1460448,tt0206501,19,15
tt1460449,tt0206501,22,2
tt1460450,tt0206501,19,4
tt1460451,tt0206501,21,14
tt14650468,tt0206501,45,101
tt14650470,tt0206501,45,102
tt14650472,tt0206501,45,103
tt14650474,tt0206501,45,104
tt14650478,tt0206501,45,105
tt14650480,tt0206501,45,106
tt1472907,tt0206512,7,2
tt1472909,tt0206512,7,3
tt1472910,tt0206512,\N,\N
tt1472911,tt0206512,7,1
tt1472912,tt0206512,7,2
tt1476037,tt0206512,6,23
tt1476808,tt0206512,7,7
tt14906290,tt0206512,\N,\N
tt14984880,tt0206512,\N,\N
tt15002232,tt0206501,48,12
tt15002236,tt0206501,48,13
tt15022166,tt0206512,\N,\N
tt1502691,tt1051155,4,3
tt1507878,tt1051155,4,4
tt1510113,tt0206501,36,10
tt1510114,tt0206501,36,11
tt1510115,tt0206501,36,12
tt1511269,tt1051155,4,6
tt15125874,tt0206512,\N,\N
tt15135006,tt0206512,\N,\N
tt1520203,tt1051155,4,1
tt1520204,tt1051155,4,8
tt1520205,tt1051155,4,2
tt1520206,tt1051155,4,5
tt1520207,tt1051155,4,7
tt15215140,tt0206512,13,7
tt15215142,tt0206512,13,8
tt15215144,tt0206512,13,9
tt15215146,tt0206512,13,10
tt15215148,tt0206512,13,12
tt15215150,tt0206512,13,11
tt15215152,tt0206512,13,13
tt1528509,tt0206501,36,13
tt1528510,tt0206501,36,14
tt1528511,tt0206501,36,15
tt15314760,tt0206501,48,14
tt15314762,tt0206501,48,15
tt15314768,tt0206501,48,16
tt15314770,tt0206501,48,17
tt15319824,tt0206501,48,18
tt15319828,tt0206501,48,19
tt1533001,tt1051155,4,9
tt1533002,tt1051155,4,10
tt15392224,tt0206501,48,20
tt15392226,tt0206501,48,21
tt1540262,tt0206501,36,16
tt1540263,tt0206501,36,17
tt1549690,tt1051155,4,12
tt1549691,tt1051155,4,11
tt1559935,tt0206512,7,4
tt1560380,tt0206512,7,5
tt1560381,tt0206512,7,19
tt1560382,tt0206512,7,9
tt1560383,tt0206512,7,8
tt1560384,tt0206512,7,10
tt15695638,tt0206512,\N,\N
tt15756168,tt0206512,\N,\N
tt1576768,tt0206501,37,5
tt1576769,tt0206501,37,4
tt1576770,tt0206501,37,1
tt1576771,tt0206501,37,9
tt1576772,tt0206501,37,6
tt1576773,tt0206501,37,3
tt1578468,tt0206501,37,2
tt15801860,tt0206501,49,2
tt15801862,tt0206501,49,3
tt15977320,tt0206501,49,4
tt1619564,tt0206512,7,11
tt1619565,tt0206512,7,12
tt1631618,tt0206501,37,7
tt1631619,tt0206501,37,8
tt16384906,tt0206501,49,5
tt1644835,tt0206501,37,10
tt1644907,tt0206512,6,26
tt16523300,tt0206501,\N,\N
tt16542412,tt16477402,1,1
tt16542414,tt16477402,1,2
tt16542592,tt16477402,1,3
tt16542830,tt16477402,1,4
tt16542940,tt16477402,1,5
tt16543116,tt16477402,1,6
tt16543212,tt16477402,1,8
tt16543224,tt16477402,1,7
tt16543454,tt16477402,1,9
tt16543590,tt16477402,1,10
tt16673090,tt0206501,49,6
tt16673094,tt0206501,49,7
tt16673098,tt0206501,49,8
tt1686275,tt0206512,7,13
tt1686276,tt0206512,7,18
tt16970648,tt7808344,3,1
tt16973996,tt7808344,3,2
tt1699090,tt1051155,5,1
tt1700230,tt1051155,5,4
tt1701121,tt1051155,5,2
tt1704920,tt0206512,7,23
tt1708772,tt0206501,37,11
tt1712477,tt1051155,5,6
tt1712700,tt1051155,5,5
tt17157614,tt7808344,3,3
tt1717366,tt0206501,38,7
tt1717367,tt0206501,37,14
tt1717368,tt0206501,38,4
tt1717369,tt0206501,38,3
tt1717370,tt0206501,38,6
tt1717371,tt0206501,38,2
tt1717372,tt0206501,37,16
tt1717373,tt0206501,37,17
tt1717374,tt0206501,37,15
tt1717375,tt0206501,37,13
tt1720765,tt0206512,7,6
tt1720800,tt1051155,5,7
tt17291378,tt7808344,3,4
tt1730003,tt0206512,7,22
tt17342662,tt0206501,47,99
tt1735268,tt1051155,5,8
tt1742997,tt0206512,7,24
tt17511310,tt7808344,3,5
tt1751248,tt0206501,37,12
tt1751815,tt0206512,7,17
tt1771816,tt0206512,7,20
tt1802346,tt0206501,38,1
tt18070474,tt7808344,3,6
tt1810100,tt0206512,13,3
tt1819126,tt0206512,12,15
tt1819127,tt0206512,7,14
tt18257248,tt7808344,3,7
tt18315976,tt7808344,3,8
tt18327374,tt0206501,49,101
tt18337350,tt7808344,3,9
tt1837301,tt0206501,38,5
tt1838180,tt0206501,38,8
tt18452074,tt7808344,3,10
tt1850158,tt0206501,38,10
tt1859290,tt0206512,7,26
tt1868973,tt0206512,12,16
tt1870151,tt0206501,38,9
tt1895138,tt0206512,8,3
tt1941082,tt0206512,10,4
tt1949633,tt1913273,1,1
tt1949634,tt1913273,1,3
tt1949635,tt1913273,1,4
tt1949636,tt1913273,1,2
tt1953257,tt0206512,8,5
tt1958145,tt1913273,1,5
tt1960864,tt0206512,8,2
tt1979927,tt0206512,8,4
tt1979928,tt0206512,8,1
tt1994322,tt0206512,8,6
tt2011435,tt1913273,1,11
tt2011436,tt1913273,1,6
tt2011437,tt1913273,1,10
tt2011438,tt1913273,1,8
tt2011439,tt1913273,1,7
tt2012701,tt1913273,1,9
tt2033757,tt0206501,38,22
tt2033758,tt0206501,38,23
tt2033759,tt0206501,38,24
tt2048771,tt0206501,38,20
tt2054359,tt0206501,38,11
tt2054360,tt0206501,38,12
tt2054361,tt0206501,38,13
tt2054363,tt0206501,38,21
tt2055376,tt0206512,8,12
tt2058479,tt0206512,8,11
tt2082958,tt0206512,8,13
tt2089268,tt0206501,39,2
tt2089269,tt0206501,39,3
tt2089270,tt0206501,39,15
tt2089271,tt0206501,39,1
tt2089404,tt0206512,8,10
tt2093867,tt1051155,6,1
tt2093868,tt1051155,6,5
tt2094663,tt1051155,6,2
tt2098490,tt1051155,6,4
tt2098491,tt1051155,6,3
tt2102062,tt0206512,9,12
tt2102063,tt0206512,8,7
tt2124560,tt0206512,8,9
tt2124562,tt0206512,8,8
tt2124563,tt0206512,8,15
tt2124565,tt0206512,8,14
tt2125367,tt1051155,6,6
tt2126152,tt1051155,6,7
tt2145279,tt0206512,\N,\N
tt2186121,tt0206501,39,5
tt2192501,tt0206501,39,6
tt2192505,tt0206501,39,7
tt2195275,tt0206501,39,4
tt2204408,tt0206501,39,12
tt2219468,tt0206501,39,13
tt2219472,tt0206501,39,14
tt2219474,tt0206501,39,16
tt2260050,tt0206512,9,1
tt2260070,tt0206512,8,21
tt2260074,tt0206512,8,20
tt2286853,tt0206501,39,8
tt2286855,tt0206501,39,9
tt2287063,tt0206512,\N,\N
tt2322009,tt0206501,39,10
tt2324709,tt0206501,39,11
tt2330167,tt0206512,8,16
tt2330171,tt0206512,8,19
tt2332285,tt0206512,8,22
tt2337387,tt0206512,8,17
tt2356679,tt1051155,6,9
tt2356681,tt1051155,6,11
tt2356683,tt1051155,6,8
tt2356685,tt1051155,6,12
tt2356687,tt1051155,6,10
tt2356689,tt1051155,6,13
tt2356691,tt1051155,6,14
tt2369716,tt0206512,9,3
tt2380873,tt0206512,8,18
tt2432130,tt0206512,9,2
tt2432132,tt0206512,8,26
tt2444840,tt0206512,8,25
tt2460336,tt0206512,9,5
tt2476918,tt0206512,8,23
tt2480712,tt0206512,8,24
tt2512000,tt0206512,9,4
tt2520144,tt0206501,40,3
tt2520146,tt0206501,40,4
tt2520148,tt0206501,40,2
tt2520150,tt0206501,40,5
tt2536826,tt0206501,40,1
tt2536832,tt0206501,\N,\N
tt2562610,tt0206501,40,6
tt2562612,tt0206501,40,8
tt2562614,tt0206501,40,7
tt2562616,tt0206501,40,9
tt2562618,tt0206501,40,10
tt2632252,tt0206512,9,8
tt2762292,tt0206512,9,6
tt2802574,tt0206501,40,12
tt2802584,tt0206501,40,13
tt2802588,tt0206501,40,11
tt2904554,tt0206501,40,16
tt2904558,tt0206501,40,17
tt2904560,tt0206501,40,20
tt2904562,tt0206501,40,18
tt2904564,tt0206501,40,21
tt2945440,tt0206501,40,15
tt2945442,tt0206501,40,14
tt3034750,tt0206512,9,7
tt3034754,tt0206512,9,9
tt3034760,tt0206512,9,11
tt3034772,tt0206512,9,10
tt3285018,tt0206501,40,24
tt3285022,tt0206501,40,22
tt3285028,tt0206501,40,23
tt3285042,tt0206501,40,19
tt3354326,tt0206501,41,2
tt3354330,tt0206501,41,3
tt3354332,tt0206501,41,1
tt3354336,tt0206501,41,4
tt3474534,tt0206501,41,6
tt3474536,tt0206501,41,5
tt3474540,tt0206501,41,7
tt3531182,tt0206501,41,8
tt3531184,tt0206501,41,9
tt3600436,tt1051155,7,1
tt3600438,tt1051155,7,2
tt3600440,tt1051155,7,3
tt3659708,tt0206501,41,10
tt3690538,tt0206501,41,11
tt3699828,tt1051155,7,4
tt3714708,tt0206501,41,13
tt3714710,tt0206501,41,12
tt3979838,tt0206501,41,14
tt3979842,tt0206501,41,15
tt3979846,tt0206501,41,16
tt3979848,tt0206501,41,18
tt4029568,tt0206501,41,19
tt4029572,tt0206501,41,21
tt4187818,tt0206501,41,20
tt4195528,tt0206501,41,22
tt4195534,tt0206501,41,23
tt4195950,tt0206501,42,2
tt4195952,tt0206501,42,3
tt4195954,tt0206501,42,1
tt4206146,tt0206501,41,17
tt4254152,tt0206501,42,4
tt4254154,tt0206501,42,5
tt4254156,tt0206501,42,6
tt4254160,tt0206501,42,7
tt4469566,tt0206501,42,10
tt4469568,tt0206501,42,9
tt4469572,tt0206501,42,8
tt4569062,tt4508902,1,1
tt4569150,tt1051155,8,1
tt4689262,tt0206501,42,12
tt4689264,tt0206501,42,11
tt4765866,tt1051155,8,2
tt4765872,tt1051155,8,6
tt4823838,tt1051155,8,3
tt4823848,tt1051155,8,5
tt4980394,tt0206512,9,13
tt4980472,tt0206512,9,14
tt5015714,tt1051155,8,4
tt5016956,tt0206501,42,13
tt5016958,tt0206501,42,14
tt5016960,tt0206501,42,17
tt5016962,tt0206501,42,20
tt5016964,tt0206501,42,16
tt5016966,tt0206501,42,15
tt5016972,tt0206501,42,18
tt5016976,tt0206501,42,19
tt5041460,tt0206512,9,15
tt5109276,tt4508902,1,2
tt5109278,tt4508902,1,3
tt5123790,tt0206512,9,22
tt5152430,tt4508902,1,4
tt5162808,tt0206512,9,16
tt5169658,tt4508902,1,5
tt5173426,tt4508902,1,6
tt5203540,tt4508902,1,7
tt5220908,tt4508902,1,8
tt5236798,tt4508902,1,9
tt5252356,tt4508902,1,10
tt5257562,tt4508902,1,11
tt5271822,tt4508902,1,12
tt5325944,tt0206512,7,15
tt5325948,tt0206512,7,16
tt5325976,tt0206512,7,21
tt5326000,tt0206512,7,25
tt5328886,tt0206501,43,1
tt5341406,tt0206501,43,2
tt5359376,tt0206501,43,3
tt5421296,tt0206501,43,4
tt5433216,tt0206512,9,17
tt5436750,tt0206501,43,5
tt5460028,tt0206501,43,6
tt5477308,tt0206501,43,7
tt5509104,tt0206512,9,19
tt5509258,tt0206501,43,8
tt5594904,tt1051155,\N,\N
tt5617906,tt0206501,43,9
tt5653976,tt0206501,43,10
tt5655502,tt0206501,43,11
tt5656642,tt0206512,9,20
tt5659110,tt0206512,9,21
tt5690146,tt0206512,9,18
tt5696736,tt0206501,43,12
tt5716168,tt0206501,43,13
tt5831910,tt0206512,9,25
tt5834104,tt0206512,9,24
tt5852726,tt0206512,9,26
tt5970278,tt0206512,9,23
tt6045614,tt0206501,43,14
tt6067874,tt0206501,43,15
tt6094200,tt0206512,10,1
tt6114920,tt0206512,10,3
tt6129836,tt0206501,43,16
tt6147608,tt0206501,43,17
tt6151944,tt0206501,43,20
tt6213988,tt0206501,43,18
tt6238286,tt0206501,43,19
tt6379212,tt6074794,1,1
tt6379218,tt6074794,1,2
tt6379222,tt6074794,1,3
tt6379224,tt6074794,1,4
tt6382746,tt0206512,10,2
tt6393248,tt0206501,44,8
tt6418050,tt0206501,44,9
tt6425294,tt6352180,1,1
tt6443478,tt6352180,1,2
tt6463366,tt6352180,1,3
tt6483160,tt6352180,1,4
tt6494720,tt0206501,44,10
tt6506008,tt0206501,9,19
tt6516610,tt6352180,1,5
tt6519422,tt0206501,44,11
tt6536080,tt6352180,1,6
tt6539398,tt0206512,10,5
tt6539410,tt0206512,10,6
tt6539412,tt0206512,10,7
tt6544302,tt0206501,44,12
tt6556966,tt6352180,1,7
tt6561726,tt0206512,10,8
tt6568682,tt0206501,44,13
tt6582350,tt6352180,1,8
tt6617636,tt6352180,1,9
tt6644158,tt6352180,1,10
tt6663030,tt0206512,10,9
tt6663032,tt0206512,10,10
tt6668832,tt6352180,1,11
tt6700366,tt6352180,1,12
tt6730576,tt6352180,1,13
tt6735072,tt0206512,10,11
tt6786170,tt6352180,1,14
tt6792038,tt6352180,1,15
tt6801604,tt0206501,44,14
tt6812632,tt6352180,1,16
tt6814818,tt0206501,25,16
tt6814834,tt0206501,26,8
tt6814856,tt0206501,31,8
tt6814860,tt0206501,32,4
tt6814864,tt0206501,32,9
tt6814870,tt0206501,32,10
tt6814874,tt0206501,33,2
tt6814904,tt0206501,33,7
tt6814908,tt0206501,33,14
tt6814912,tt0206501,33,19
tt6814918,tt0206501,34,1
tt6814920,tt0206501,34,8
tt6814924,tt0206501,34,12
tt6814926,tt0206501,34,11
tt6814934,tt0206501,38,14
tt6814944,tt0206501,42,21
tt6814952,tt0206501,44,15
tt6814954,tt0206501,44,16
tt6840198,tt6352180,1,17
tt6865618,tt6352180,1,18
tt6898052,tt6352180,1,19
tt6919160,tt6352180,1,20
tt6938084,tt6352180,1,21
tt6957194,tt6352180,1,22
tt6960912,tt0206501,44,17
tt6987912,tt6352180,1,23
tt7013576,tt0206512,11,2
tt7026366,tt6352180,1,24
tt7044772,tt0206512,11,5
tt7056352,tt6352180,1,25
tt7103982,tt0206512,11,1
tt7160384,tt0206512,11,3
tt7282032,tt6074794,2,1
tt7289106,tt0206512,11,4
tt7344070,tt0206501,44,18
tt7381692,tt0206501,44,19
tt7408394,tt0206501,44,20
tt7408398,tt0206501,44,21
tt7408402,tt0206501,44,15
tt7408406,tt0206501,44,23
tt7408410,tt0206501,44,24
tt7463932,tt0206512,11,6
tt7529578,tt0206512,11,7
tt7534442,tt0206512,11,8
tt7534490,tt0206512,11,9
tt7570916,tt0206501,44,22
tt7614782,tt0206512,11,10
tt7620172,tt0206501,44,25
tt7667020,tt0206501,44,26
tt7674710,tt6074794,1,5
tt7674716,tt6074794,1,6
tt7674724,tt6074794,1,7
tt7674728,tt6074794,1,8
tt7674738,tt6074794,1,9
tt7674742,tt6074794,1,10
tt7721562,tt6074794,1,11
tt7726082,tt6074794,1,12
tt7726088,tt6074794,1,13
tt7726092,tt6074794,1,14
tt7726094,tt6074794,1,15
tt7726096,tt6074794,1,16
tt7726098,tt6074794,1,17
tt7726100,tt6074794,1,18
tt7726106,tt6074794,1,19
tt7726110,tt6074794,1,20
tt7726114,tt6074794,1,21
tt7726116,tt6074794,1,22
tt7726118,tt6074794,1,23
tt7767562,tt0206501,44,27
tt7789494,tt0206501,44,28
tt7809196,tt0206512,11,11
tt7809212,tt0206512,11,12
tt7809244,tt0206512,11,13
tt7841052,tt7808344,1,1
tt7851500,tt0206501,45,1
tt7954302,tt0206501,45,2
tt7984792,tt0206501,45,3
tt8008748,tt7808344,1,2
tt8008758,tt7808344,1,3
tt8008772,tt7808344,1,4
tt8008796,tt7808344,1,5
tt8008798,tt7808344,1,6
tt8013918,tt0206501,45,4
tt8035252,tt7808344,1,7
tt8077264,tt7808344,1,8
tt8079484,tt0206501,45,5
tt8103900,tt7808344,1,9
tt8150114,tt7808344,1,10
tt8171052,tt7808344,1,11
tt8200194,tt7808344,1,12
tt8253348,tt0206512,11,14
tt8253350,tt0206512,11,15
tt8260768,tt0206512,11,16
tt8260790,tt0206512,11,17
tt8260806,tt0206512,11,18
tt8260838,tt0206512,11,19
tt8260854,tt0206512,11,20
tt8260866,tt0206512,11,21
tt8260930,tt0206512,11,22
tt8260932,tt0206512,11,23
tt8260944,tt0206512,11,24
tt8260946,tt0206512,11,25
tt8260950,tt0206512,11,26
tt8305570,tt0206501,45,6
tt8617658,tt0206501,26,19
tt8632718,tt0206501,45,7
tt8792382,tt6074794,2,2
tt8792414,tt6074794,2,3
tt8792422,tt6074794,2,4
tt8792428,tt6074794,2,5
tt8792554,tt6074794,2,6
tt8792564,tt6074794,2,7
tt8792568,tt6074794,2,8
tt8792574,tt6074794,2,9
tt8792582,tt6074794,2,10
tt8792808,tt6074794,2,11
tt8792818,tt6074794,2,12
tt8792824,tt6074794,2,13
tt8792832,tt6074794,2,14
tt8792836,tt6074794,2,15
tt8792844,tt6074794,2,16
tt8792850,tt6074794,2,17
tt8792858,tt6074794,2,18
tt8792864,tt6074794,2,19
tt8792870,tt6074794,2,20
tt8792876,tt6074794,2,21
tt8792878,tt6074794,2,22
tt9076160,tt0206501,45,9
tt9103646,tt0206501,45,8
tt9103946,tt9103932,1,1
tt9103948,tt9103932,1,2
tt9103952,tt9103932,1,3
tt9103954,tt9103932,1,4
tt9103958,tt9103932,1,5
tt9103960,tt9103932,1,6
tt9103964,tt9103932,1,7
tt9103966,tt9103932,1,8
tt9103970,tt9103932,1,9
tt9103988,tt9103932,1,10
tt9124824,tt0206501,45,10
tt9138834,tt0206501,45,11
tt9148466,tt0206501,45,12
tt9181100,tt0206501,45,13
tt9222468,tt0206512,12,1
tt9222470,tt0206512,12,2
tt9222472,tt0206512,12,3
tt9222474,tt0206512,12,4
tt9222478,tt0206512,12,5
tt9222480,tt0206512,12,6
tt9222482,tt0206512,12,7
tt9222484,tt0206512,12,8
tt9222488,tt0206512,12,9
tt9222492,tt0206512,12,10
tt9222496,tt0206512,12,11
tt9222498,tt0206512,12,12
tt9222502,tt0206512,12,13
tt9252728,tt0206501,45,14
tt9286990,tt0206501,45,15
tt9319250,tt0206501,45,16
tt9506164,tt0206501,45,17
tt9556748,tt4508902,2,1
tt9653794,tt0206501,46,3
tt9744698,tt0206501,46,4
tt9744724,tt0206501,46,2
tt9765202,tt0206512,13,1
tt9815168,tt0206501,46,5
tt9815574,tt0206501,46,1
